<?xml version="1.0" encoding="utf-8"?>
<template_modifications>
  <modification type="admin" template="helper_criteria" modification_key="CMTV_Badges_helper_criteria" description="Adding addon user criteria" execution_order="10" enabled="1" action="str_replace">
    <find><![CDATA[<!--[XF:user:after_content]-->]]></find>
    <replace><![CDATA[$0

<xf:include template="CMTV_Badges_helper_criteria" />]]></replace>
  </modification>
  <modification type="public" template="helper_js_global" modification_key="CMTV_Badges_helper_js_global" description="Adding general addon styles" execution_order="10" enabled="1" action="str_replace">
    <find><![CDATA[<!--XF:CSS-->]]></find>
    <replace><![CDATA[<xf:css src="CMTV_Badges.less" />

$0]]></replace>
  </modification>
  <modification type="public" template="member_macros" modification_key="CMTV_Badges_member_macros" description="Moderator actions for awarding and taking away badges" execution_order="10" enabled="1" action="str_replace">
    <find><![CDATA[<!--[XF:moderator_menu:bottom]-->]]></find>
    <replace><![CDATA[<xf:include template="CMTV_Badges_moderator_actions" />

$0]]></replace>
  </modification>
  <modification type="public" template="member_tooltip" modification_key="CMTV_Badges_member_tooltip" description="Displaying featured badges in member tooltip" execution_order="10" enabled="1" action="str_replace">
    <find><![CDATA[<xf:if contentcheck="true">
					<div class="memberTooltip-blurb">
					<xf:contentcheck>
						<xf:userblurb user="$user" tag="div" />
					</xf:contentcheck>
					</div>
				</xf:if>]]></find>
    <replace><![CDATA[$0

<xf:if is="{{ property('CMTV_Badges_show_in_tooltip') }}">
	<xf:css src="CMTV_Badges_featured_badges.less" />
	
	<xf:macro name="featured_badges" template="CMTV_Badges_featured_badges_macros"
			  arg-location="member_tooltip" arg-user="{$user}" />
</xf:if>]]></replace>
  </modification>
  <modification type="public" template="member_view" modification_key="CMTV_Badges_member_view_badges_pane" description="Adding &quot;Badges&quot; pane to member view" execution_order="10" enabled="1" action="str_replace">
    <find><![CDATA[<!--[XF:tab_panes:end]-->]]></find>
    <replace><![CDATA[<xf:macro name="badges_pane" template="CMTV_Badges_member_macros"
		  arg-user="{$user}" />

$0]]></replace>
  </modification>
  <modification type="public" template="member_view" modification_key="CMTV_Badges_member_view_badges_tab" description="Adding &quot;Badges&quot; tab to member view" execution_order="10" enabled="1" action="str_replace">
    <find><![CDATA[<!--[XF:tabs:end]-->]]></find>
    <replace><![CDATA[<xf:macro name="badges_tab" template="CMTV_Badges_member_macros"
		  arg-user="{$user}" />

$0]]></replace>
  </modification>
  <modification type="public" template="member_view" modification_key="CMTV_Badges_member_view_featured_badges" description="Displaying featured badges in member view" execution_order="10" enabled="1" action="str_replace">
    <find><![CDATA[<xf:userblurb user="$user" tag="div" class="memberHeader-blurb" />]]></find>
    <replace><![CDATA[$0

<xf:if is="{{ property('CMTV_Badges_show_in_profile') }}">
	<xf:css src="CMTV_Badges_featured_badges.less" />
	
	<xf:macro name="featured_badges" template="CMTV_Badges_featured_badges_macros"
			  arg-location="member_view" arg-user="{$user}" />
</xf:if>]]></replace>
  </modification>
  <modification type="public" template="message_macros" modification_key="CMTV_Badges_message_macros" description="Displaying featured badges" execution_order="10" enabled="1" action="str_replace">
    <find><![CDATA[			<xf:if contentcheck="true">
				<div class="message-userExtras">]]></find>
    <replace><![CDATA[<xf:if is="{{ property('CMTV_Badges_show_in_message') }}">
	<xf:css src="CMTV_Badges_featured_badges.less" />
	
	<xf:macro name="featured_badges" template="CMTV_Badges_featured_badges_macros"
			  arg-location="message" arg-user="{$user}" />
</xf:if>
	
$0]]></replace>
  </modification>
  <modification type="admin" template="tools_rebuild" modification_key="CMTV_Badges_tools_rebuild_badge_count" description="Rebuilding badge count job" execution_order="10" enabled="1" action="str_replace">
    <find><![CDATA[<!--[XF:after_reactions]-->]]></find>
    <replace><![CDATA[$0

<xf:macro name="rebuild_job"
	arg-header="{{ phrase('CMTV_Badges_recalculate_badge_count') }}"
	arg-job="CMTV\Badges:BadgeCount" />

<!--[CMTV\Badges:after_badge_count]-->]]></replace>
  </modification>
</template_modifications>
