{
    "legacy_addon_id": "",
    "title": "[VersoBit] Badges",
    "description": "Create fancy-looking badges and award users for valuable and unique actions!",
    "version_id": 2000070,
    "version_string": "2.0.0",
    "dev": "VersoBit",
    "dev_url": "https://versobit.dev/",
    "faq_url": "",
    "support_url": "https://versob.it/xfBadgesIssues",
    "extra_urls": {
        "Wiki": "https://versob.it/xfBadgesWiki",
        "Addon Page": "https://versob.it/xfBadgesAddon",
        "Addon GitHub": "https://versob.it/xfBadgesGit",
        "License": "https://versob.it/xfBadgesLicense",
        "Sponsor Us": "https://versob.it/xfBadgesSponsor"
    },
    "require": {
        "XF": [
            2020070,
            "XenForo 2.2"
        ],
        "php": [
            "7.0.0",
            "PHP 7+"
        ]
    },
    "icon": "fas fa-award"
}