{
    "src/addons/CMTV/Badges/addon.json": "51219489f568ecf90c2bcb713b8be4a0e7cbdd7f83f2f3a9fe5622365781e517",
    "src/addons/CMTV/Badges/Admin/Controller/Badge.php": "f2b27c8ba9c248a051e696f24bee59398eb4038175cdfc91af01fc7461e60c4d",
    "src/addons/CMTV/Badges/Admin/Controller/BadgeCategory.php": "331815f64bda1d5be9cdccccc5aa03743d16d0cdee2795d8f550886ce3c7bec9",
    "src/addons/CMTV/Badges/Alert/Badge.php": "701e41230278b52e2871ac79dc00499e77b05ded10c199677bd4b90b46ed607e",
    "src/addons/CMTV/Badges/Constants.php": "600bd7630a152caa71874161761942759989bf0259064be0a313d693479cf2a1",
    "src/addons/CMTV/Badges/ControllerPlugin/TitleDescription.php": "13555b4c0b32f5e8f0a030f132e1ca92ed91370eb4b4ee2f715ed2e1117c399b",
    "src/addons/CMTV/Badges/Cron/Badge.php": "c17903f29b7a4c18c260776044a60fec5e8ac402ddc19e82ed876f8a1f94366c",
    "src/addons/CMTV/Badges/Entity/Badge.php": "27f423c3a0248a59bfe6c3e79284781c855f983ace9c2863427a062bed81efd2",
    "src/addons/CMTV/Badges/Entity/BadgeCategory.php": "33665c76a0b4e454620788e62a3a945b0130fa3d419ddab87af6c6a0e2ad33ad",
    "src/addons/CMTV/Badges/Entity/TitleDescEntity.php": "d2fc228e36712cbe7730289e34aa16ad283dcc9cf871afe76e252fb58df67d88",
    "src/addons/CMTV/Badges/Entity/TitleEntity.php": "a56fbdbebbda9f6c8f033b07c3a07cc98016f6d8c86cc17c68c6fdaa61872816",
    "src/addons/CMTV/Badges/Entity/UserBadge.php": "9622197b77ccd5dd6460d401c5a9e0c85f6af20b307a7bb471fd9bd994a65788",
    "src/addons/CMTV/Badges/EventListener.php": "06e976c937746aef0d951232e47c922e126155a3d8c146dfcbe3ebbf198553a0",
    "src/addons/CMTV/Badges/Help/Badges.php": "3c6e509a8be9c26a58a98a04a8dca0f09dd0fa1735e9b67c4eadaec76e6c815f",
    "src/addons/CMTV/Badges/Job/BadgeCount.php": "11516a211c2fb53f07f4f27834146c8a7fca819c53bfe31e3926c79869b3da63",
    "src/addons/CMTV/Badges/Job/DeleteBadges.php": "ffbb79f6218759b887b20a8a9b412af0979cce5ab674822bdc912831268918ce",
    "src/addons/CMTV/Badges/LICENSE": "5a17b6607acbd4d169a5ca80c7c14f015158c533fc46ee68442bb2e72c3233e9",
    "src/addons/CMTV/Badges/MemberStat/MostBadges.php": "718977c1846fac01cb05385eb873458dfeb28d97f23fcaaeb6215bce60806a4b",
    "src/addons/CMTV/Badges/Pub/Controller/Badge.php": "41f4ac0e49d0c22e18c1706181d2d59ff74cce0806f96d94462db9ffc9f0c6ec",
    "src/addons/CMTV/Badges/README.md": "6cc6173e4f6ac37394a91b21097bb20266bce0929bea5b0fac573954099e9470",
    "src/addons/CMTV/Badges/Repository/Badge.php": "a8ffda3eddb6410b01f50a47ca641292de204321867516db0a7fb583703bfcbc",
    "src/addons/CMTV/Badges/Repository/BadgeCategory.php": "9d9679b9e51b4190d330cd6ae482fc64ec12442b030af0dbe3efacd460ff1e20",
    "src/addons/CMTV/Badges/Repository/UserBadge.php": "29e0877fe26011b671d362c0e84c3e15f59779687da3e641369e0f230c62f88c",
    "src/addons/CMTV/Badges/SECURITY.md": "5cb41a4b4674a734084d6ec34422f17022f7515ef9d9c2d327a61551354b33de",
    "src/addons/CMTV/Badges/Setup.php": "157dcd160fac0379b4b080571a5454189b56ab3eb2c3362c406e230b251f2355",
    "src/addons/CMTV/Badges/XF/Entity/User.php": "efd73ccfe09b5c13140d7590f15eaecb1f6d71ee8abf449d8953a15a880cecd3",
    "src/addons/CMTV/Badges/XF/Pub/Controller/Member.php": "21f7489981f687767de653d2008d66d4d77a0ef6fa5c9bc80ca86f8baeebc050",
    "src/addons/CMTV/Badges/_data/activity_summary_definitions.xml": "99d8c2563a31320d66f958fc8bda78613545f5f7959bb3cf5318805e3a3c39d2",
    "src/addons/CMTV/Badges/_data/admin_navigation.xml": "c64e53a9f922bd8dd49c0327945aaf8783d3ae2d163b219eaff8a974dd1a921f",
    "src/addons/CMTV/Badges/_data/admin_permission.xml": "9f5f66710a902a5fced631ae3b902d974774004b78295318907106dc8ab2f705",
    "src/addons/CMTV/Badges/_data/advertising_positions.xml": "d2f7cbe844bb1df3cf878d22ff6306249245c8ff6b0b87b9b729744bec538261",
    "src/addons/CMTV/Badges/_data/api_scopes.xml": "6793eaf758f140e8137187ba20e65f4faccf53410433ae3ad7a8b3b38cb6b3b7",
    "src/addons/CMTV/Badges/_data/bb_codes.xml": "faa4ddd5f4a365e5ac39aebdcbe2d25aedf74e7eb9ea4a812766e2fd5e13bdb1",
    "src/addons/CMTV/Badges/_data/bb_code_media_sites.xml": "29762987990187b33e43cfb68c08dc917b2d3f0176613d78f8e6c453f82da3f3",
    "src/addons/CMTV/Badges/_data/class_extensions.xml": "335efb9f492f1582c0fc39da8b66252bc179feddb8a7f34e0e19dfbf87c72165",
    "src/addons/CMTV/Badges/_data/code_events.xml": "8370dec3df47f91df4cf79da253446ad11b29f4ea568fe76c774e97a0379f0eb",
    "src/addons/CMTV/Badges/_data/code_event_listeners.xml": "e4f44ad8ff6fba6864b00c8c9083225579d1e8937786b9ddba358e5a72c649aa",
    "src/addons/CMTV/Badges/_data/content_type_fields.xml": "2568fee6366e8fa98210879300ed8bddf048715e7c26a439eed3779798e26915",
    "src/addons/CMTV/Badges/_data/cron.xml": "14d1c9625250db7bba5c2f4d1014243a7a52427ab904caf0cc445ce349547dde",
    "src/addons/CMTV/Badges/_data/help_pages.xml": "df4909f90f9233ae9048ef0313869efa010eea70911f69caa3f94bf1b8bfd51b",
    "src/addons/CMTV/Badges/_data/member_stats.xml": "5b1c3314c38c65f0ffad4daa65b67930062f4fa949ffc061298de653182d3550",
    "src/addons/CMTV/Badges/_data/navigation.xml": "f75e1c03a45a360bbdfcd0567121665082315068475d5b0feb8b1acbb1688651",
    "src/addons/CMTV/Badges/_data/options.xml": "5080738b3d219f0780936dca47a52c2de1a53c494423116873ab3d3900c4c2ae",
    "src/addons/CMTV/Badges/_data/option_groups.xml": "621371ff3b92ea74b93ad95abce7bd96d4090fe478044d4f2f1954edc18bd685",
    "src/addons/CMTV/Badges/_data/permissions.xml": "da79f684e9bce8893fde05c53a96d34d85b6d8b49d67c478cbebdce870cbed3e",
    "src/addons/CMTV/Badges/_data/permission_interface_groups.xml": "5a427c47dc371b610c1cd22514b2e788642a541dd187380209b43eb01a4c5231",
    "src/addons/CMTV/Badges/_data/phrases.xml": "742cb1fe6ecaf57a9ce3166f22f58e9a52787b56a6f85314c90edc4deea258f9",
    "src/addons/CMTV/Badges/_data/routes.xml": "37680fbd1477a038863e89d0cdff9318c5adea0a1c8b27c9d1275282fbdc04a0",
    "src/addons/CMTV/Badges/_data/style_properties.xml": "fdfa56ec60fff86bf36937fdd224aab5eccefe225a0d02e8b6153b79158b376a",
    "src/addons/CMTV/Badges/_data/style_property_groups.xml": "b3a9aa9d0b602b90917d76d1897fadec2076c0127b8d94703cd9a1dd85c985e1",
    "src/addons/CMTV/Badges/_data/templates.xml": "65f462e4043cdc14f1df0dbd6de09c0658dd1666342da88e806f245938cdf7f6",
    "src/addons/CMTV/Badges/_data/template_modifications.xml": "182028d31b65838472358239954dda3b4efce27dd9a25542eb24a55a21ee996a",
    "src/addons/CMTV/Badges/_data/widget_definitions.xml": "37e46965256430f24004c2e7f08ba08f9b0d1cbcc4d70e84b3f4e3ffb713e64b",
    "src/addons/CMTV/Badges/_data/widget_positions.xml": "a29cee66134f6bc5d75ed9df1eef21096c24401915c5b5c774389c3d7bb2d5b3"
}