{
    "src/addons/CMTV/Badges/addon.json": "9385a8fa872944e75c6d2189a24897546f5ab632086667f41676ddcfdf975edc",
    "src/addons/CMTV/Badges/Admin/Controller/Badge.php": "7d1080b849935205c555041876c5193a18c73161adc5a86d812714e7f952a0c1",
    "src/addons/CMTV/Badges/Admin/Controller/BadgeCategory.php": "1c6dee7668000e4f22abfd8b0b563158dd67f9bd5da16e8cc38d38356c54a972",
    "src/addons/CMTV/Badges/Alert/Badge.php": "701e41230278b52e2871ac79dc00499e77b05ded10c199677bd4b90b46ed607e",
    "src/addons/CMTV/Badges/Constants.php": "600bd7630a152caa71874161761942759989bf0259064be0a313d693479cf2a1",
    "src/addons/CMTV/Badges/ControllerPlugin/TitleDescription.php": "fce5fef2904331aeac81db5b60b65bf33fccde1275efb423967ecda953bdaae6",
    "src/addons/CMTV/Badges/Cron/Badge.php": "a8f6ab98accd3eda856665f3c2ae5194651c5a1e32c8d8b259c5f7ab498d52de",
    "src/addons/CMTV/Badges/Entity/Badge.php": "9ef4cd219b84181b1952a4966ff14ad0e6cb1f92cabbd1df6928d2ac5c8ee8cc",
    "src/addons/CMTV/Badges/Entity/BadgeCategory.php": "816f385e389d7f7652d462b6d5834373512afcf78466ecd598c972677ea90d63",
    "src/addons/CMTV/Badges/Entity/TitleDescEntity.php": "f3dd60b2fc6c4d6dc03050bbdf52b34504e3099dd6dc6019593fac548d229b67",
    "src/addons/CMTV/Badges/Entity/TitleEntity.php": "d4280267d95082b9853455a7d22f3b1633bf91eb9c66b73d97b2c229d676f72d",
    "src/addons/CMTV/Badges/Entity/UserBadge.php": "00825e7ca99eea7e3151b3dd20b05323931ca30e995d43e8a844db31a4acd324",
    "src/addons/CMTV/Badges/EventListener.php": "a6c373b5a2bb3ae775e11aaaad3bbb83ba780842f00ef438c162b0319d182cd7",
    "src/addons/CMTV/Badges/Help/Badges.php": "d165944cdd07a8bad390017c2dba1ae528a00f75807c7879bd32fe6969150e99",
    "src/addons/CMTV/Badges/Job/BadgeCount.php": "a2ae432702c1f7bd63ddaf24fedc1cb166fdf922f3ce3f53137d71e35d0eefad",
    "src/addons/CMTV/Badges/Job/DeleteBadges.php": "dc9242697d6c597f09bc016f21c98be82dcd2644e811756caca7accabcce6585",
    "src/addons/CMTV/Badges/MemberStat/MostBadges.php": "13a134af45fa4b941a2268e24835cf7da8883f39dccb3db19ceb3e9b60b475fb",
    "src/addons/CMTV/Badges/Pub/Controller/Badge.php": "87d81a4506cd218c5b0c557792ec6eca7be2ac0ac5502c2f78221df6cb093645",
    "src/addons/CMTV/Badges/Repository/Badge.php": "e77da38a603895013bca7fee70cf8541c7fc9a895b7957f0c920637bf5f94686",
    "src/addons/CMTV/Badges/Repository/BadgeCategory.php": "a203b7d2bf7d4d1b35e448b4a66ff1ee44b7dfbdc6e931b59025740c69e8195c",
    "src/addons/CMTV/Badges/Repository/UserBadge.php": "4104ce44ab52d05e5b5215607ed5e1da90cb1a75fdeb5b82e149ca641ffa341b",
    "src/addons/CMTV/Badges/Setup.php": "d9befc8aa2aec6c85753772a86cc3700cb1d428e6725e9837e51dfb6d937972c",
    "src/addons/CMTV/Badges/XF/Entity/User.php": "08010d78b889a66bd975703a0293c9fd44dde8670d1f8541f8e4e8966f5ef8a2",
    "src/addons/CMTV/Badges/XF/Pub/Controller/Member.php": "d6fb8931ce25c515041158ea44c474ba38dad97e79c473e7437931c8a1561b32",
    "src/addons/CMTV/Badges/_data/admin_navigation.xml": "c64e53a9f922bd8dd49c0327945aaf8783d3ae2d163b219eaff8a974dd1a921f",
    "src/addons/CMTV/Badges/_data/admin_permission.xml": "9f5f66710a902a5fced631ae3b902d974774004b78295318907106dc8ab2f705",
    "src/addons/CMTV/Badges/_data/advertising_positions.xml": "d2f7cbe844bb1df3cf878d22ff6306249245c8ff6b0b87b9b729744bec538261",
    "src/addons/CMTV/Badges/_data/api_scopes.xml": "6793eaf758f140e8137187ba20e65f4faccf53410433ae3ad7a8b3b38cb6b3b7",
    "src/addons/CMTV/Badges/_data/bb_codes.xml": "faa4ddd5f4a365e5ac39aebdcbe2d25aedf74e7eb9ea4a812766e2fd5e13bdb1",
    "src/addons/CMTV/Badges/_data/bb_code_media_sites.xml": "29762987990187b33e43cfb68c08dc917b2d3f0176613d78f8e6c453f82da3f3",
    "src/addons/CMTV/Badges/_data/class_extensions.xml": "335efb9f492f1582c0fc39da8b66252bc179feddb8a7f34e0e19dfbf87c72165",
    "src/addons/CMTV/Badges/_data/code_events.xml": "8370dec3df47f91df4cf79da253446ad11b29f4ea568fe76c774e97a0379f0eb",
    "src/addons/CMTV/Badges/_data/code_event_listeners.xml": "e4f44ad8ff6fba6864b00c8c9083225579d1e8937786b9ddba358e5a72c649aa",
    "src/addons/CMTV/Badges/_data/content_type_fields.xml": "2568fee6366e8fa98210879300ed8bddf048715e7c26a439eed3779798e26915",
    "src/addons/CMTV/Badges/_data/cron.xml": "14d1c9625250db7bba5c2f4d1014243a7a52427ab904caf0cc445ce349547dde",
    "src/addons/CMTV/Badges/_data/help_pages.xml": "df4909f90f9233ae9048ef0313869efa010eea70911f69caa3f94bf1b8bfd51b",
    "src/addons/CMTV/Badges/_data/member_stats.xml": "5b1c3314c38c65f0ffad4daa65b67930062f4fa949ffc061298de653182d3550",
    "src/addons/CMTV/Badges/_data/navigation.xml": "f75e1c03a45a360bbdfcd0567121665082315068475d5b0feb8b1acbb1688651",
    "src/addons/CMTV/Badges/_data/options.xml": "1cea29aa5671733d85c8fc6f7c66128eacbca5643cbb38585eb82002879b51a4",
    "src/addons/CMTV/Badges/_data/option_groups.xml": "154d7a89664b243d0bd8227c22e241f934bf7e196c83230ee23d3c0c4fba1333",
    "src/addons/CMTV/Badges/_data/permissions.xml": "da79f684e9bce8893fde05c53a96d34d85b6d8b49d67c478cbebdce870cbed3e",
    "src/addons/CMTV/Badges/_data/permission_interface_groups.xml": "5a427c47dc371b610c1cd22514b2e788642a541dd187380209b43eb01a4c5231",
    "src/addons/CMTV/Badges/_data/phrases.xml": "3548f6b319827b4b44fe7c6e154f879cadd85534ea31bcbeabfbcb4fed67a1ae",
    "src/addons/CMTV/Badges/_data/routes.xml": "37680fbd1477a038863e89d0cdff9318c5adea0a1c8b27c9d1275282fbdc04a0",
    "src/addons/CMTV/Badges/_data/style_properties.xml": "6cd212b3f59353bf705c7d86e9c39753ef2d5955992d3da3051b6df0a86a7213",
    "src/addons/CMTV/Badges/_data/style_property_groups.xml": "b3a9aa9d0b602b90917d76d1897fadec2076c0127b8d94703cd9a1dd85c985e1",
    "src/addons/CMTV/Badges/_data/templates.xml": "ac73755a0f69b4763970778f74c4ae701c6018be067fe45f057cba843217b872",
    "src/addons/CMTV/Badges/_data/template_modifications.xml": "a299e76dbc8a9603c8b93edbba45330dc693b2084ee57512f458ba278bffb8b1",
    "src/addons/CMTV/Badges/_data/widget_definitions.xml": "37e46965256430f24004c2e7f08ba08f9b0d1cbcc4d70e84b3f4e3ffb713e64b",
    "src/addons/CMTV/Badges/_data/widget_positions.xml": "a29cee66134f6bc5d75ed9df1eef21096c24401915c5b5c774389c3d7bb2d5b3"
}