{
    "src/addons/CMTV/Badges/addon.json": "8ddb392752f9fe1f40e44b1cd134ae1d3c5f8145896b14d9e0f4df2db441eb16",
    "src/addons/CMTV/Badges/Admin/Controller/Badge.php": "e73c71076a8f294dd95f10dbc2087b4890d2962f4b557238f4427334113ca76f",
    "src/addons/CMTV/Badges/Admin/Controller/BadgeCategory.php": "b096d6784268144cb308966c3c3aca546976e95818ab1676ca0b84f2b08ce6ad",
    "src/addons/CMTV/Badges/Alert/Badge.php": "701e41230278b52e2871ac79dc00499e77b05ded10c199677bd4b90b46ed607e",
    "src/addons/CMTV/Badges/Constants.php": "600bd7630a152caa71874161761942759989bf0259064be0a313d693479cf2a1",
    "src/addons/CMTV/Badges/ControllerPlugin/TitleDescription.php": "59c18d7cccb79e38dd540ed5b23dcf19a4aaae31673f9cae80762d548cf6e4aa",
    "src/addons/CMTV/Badges/Cron/Badge.php": "6e4c73a08b5aae1a02321fa5038922e97681afce80c0e5534aa0f0c8c45eed58",
    "src/addons/CMTV/Badges/Entity/Badge.php": "9ef4cd219b84181b1952a4966ff14ad0e6cb1f92cabbd1df6928d2ac5c8ee8cc",
    "src/addons/CMTV/Badges/Entity/BadgeCategory.php": "816f385e389d7f7652d462b6d5834373512afcf78466ecd598c972677ea90d63",
    "src/addons/CMTV/Badges/Entity/TitleDescEntity.php": "6526158f2937aa0de44821890f66f329190bd74b3829586f45d5d5ccbce6c091",
    "src/addons/CMTV/Badges/Entity/TitleEntity.php": "a56fbdbebbda9f6c8f033b07c3a07cc98016f6d8c86cc17c68c6fdaa61872816",
    "src/addons/CMTV/Badges/Entity/UserBadge.php": "9622197b77ccd5dd6460d401c5a9e0c85f6af20b307a7bb471fd9bd994a65788",
    "src/addons/CMTV/Badges/EventListener.php": "06e976c937746aef0d951232e47c922e126155a3d8c146dfcbe3ebbf198553a0",
    "src/addons/CMTV/Badges/Help/Badges.php": "3c6e509a8be9c26a58a98a04a8dca0f09dd0fa1735e9b67c4eadaec76e6c815f",
    "src/addons/CMTV/Badges/Job/BadgeCount.php": "11516a211c2fb53f07f4f27834146c8a7fca819c53bfe31e3926c79869b3da63",
    "src/addons/CMTV/Badges/Job/DeleteBadges.php": "ffbb79f6218759b887b20a8a9b412af0979cce5ab674822bdc912831268918ce",
    "src/addons/CMTV/Badges/LICENSE": "5a17b6607acbd4d169a5ca80c7c14f015158c533fc46ee68442bb2e72c3233e9",
    "src/addons/CMTV/Badges/MemberStat/MostBadges.php": "718977c1846fac01cb05385eb873458dfeb28d97f23fcaaeb6215bce60806a4b",
    "src/addons/CMTV/Badges/Pub/Controller/Badge.php": "41f4ac0e49d0c22e18c1706181d2d59ff74cce0806f96d94462db9ffc9f0c6ec",
    "src/addons/CMTV/Badges/README.md": "f1eabd3d40a3617b5236d61d90d4364f4c99de14cfef8df11e4837d1e7426ef5",
    "src/addons/CMTV/Badges/Repository/Badge.php": "a8ffda3eddb6410b01f50a47ca641292de204321867516db0a7fb583703bfcbc",
    "src/addons/CMTV/Badges/Repository/BadgeCategory.php": "9d9679b9e51b4190d330cd6ae482fc64ec12442b030af0dbe3efacd460ff1e20",
    "src/addons/CMTV/Badges/Repository/UserBadge.php": "a58ea9f2410a0cc3f20808ed18f5dc7f60ba8b84fedc717bfc5eac34b9d3632a",
    "src/addons/CMTV/Badges/Setup.php": "d09b9b020994981f9c0063892ca2d6fcfd685cad9047d00c8669f8fe832d62ce",
    "src/addons/CMTV/Badges/XF/Entity/User.php": "414d0aa5d55955c58a2061da7b0704196767819411ece597b1ddf5173af76f73",
    "src/addons/CMTV/Badges/XF/Pub/Controller/Member.php": "21f7489981f687767de653d2008d66d4d77a0ef6fa5c9bc80ca86f8baeebc050",
    "src/addons/CMTV/Badges/_data/admin_navigation.xml": "c64e53a9f922bd8dd49c0327945aaf8783d3ae2d163b219eaff8a974dd1a921f",
    "src/addons/CMTV/Badges/_data/admin_permission.xml": "9f5f66710a902a5fced631ae3b902d974774004b78295318907106dc8ab2f705",
    "src/addons/CMTV/Badges/_data/advertising_positions.xml": "d2f7cbe844bb1df3cf878d22ff6306249245c8ff6b0b87b9b729744bec538261",
    "src/addons/CMTV/Badges/_data/api_scopes.xml": "6793eaf758f140e8137187ba20e65f4faccf53410433ae3ad7a8b3b38cb6b3b7",
    "src/addons/CMTV/Badges/_data/bb_codes.xml": "faa4ddd5f4a365e5ac39aebdcbe2d25aedf74e7eb9ea4a812766e2fd5e13bdb1",
    "src/addons/CMTV/Badges/_data/bb_code_media_sites.xml": "29762987990187b33e43cfb68c08dc917b2d3f0176613d78f8e6c453f82da3f3",
    "src/addons/CMTV/Badges/_data/class_extensions.xml": "335efb9f492f1582c0fc39da8b66252bc179feddb8a7f34e0e19dfbf87c72165",
    "src/addons/CMTV/Badges/_data/code_events.xml": "8370dec3df47f91df4cf79da253446ad11b29f4ea568fe76c774e97a0379f0eb",
    "src/addons/CMTV/Badges/_data/code_event_listeners.xml": "e4f44ad8ff6fba6864b00c8c9083225579d1e8937786b9ddba358e5a72c649aa",
    "src/addons/CMTV/Badges/_data/content_type_fields.xml": "2568fee6366e8fa98210879300ed8bddf048715e7c26a439eed3779798e26915",
    "src/addons/CMTV/Badges/_data/cron.xml": "14d1c9625250db7bba5c2f4d1014243a7a52427ab904caf0cc445ce349547dde",
    "src/addons/CMTV/Badges/_data/help_pages.xml": "df4909f90f9233ae9048ef0313869efa010eea70911f69caa3f94bf1b8bfd51b",
    "src/addons/CMTV/Badges/_data/member_stats.xml": "5b1c3314c38c65f0ffad4daa65b67930062f4fa949ffc061298de653182d3550",
    "src/addons/CMTV/Badges/_data/navigation.xml": "f75e1c03a45a360bbdfcd0567121665082315068475d5b0feb8b1acbb1688651",
    "src/addons/CMTV/Badges/_data/options.xml": "7ab845ea8e0f3a553ab110be6c2b8204bd6a91ede3bfcd10b99c92049fd377e6",
    "src/addons/CMTV/Badges/_data/option_groups.xml": "c7d1d20deb9b55fff417d8f1828a04841dfdf77e5c371bc8285a38b914b34062",
    "src/addons/CMTV/Badges/_data/permissions.xml": "da79f684e9bce8893fde05c53a96d34d85b6d8b49d67c478cbebdce870cbed3e",
    "src/addons/CMTV/Badges/_data/permission_interface_groups.xml": "5a427c47dc371b610c1cd22514b2e788642a541dd187380209b43eb01a4c5231",
    "src/addons/CMTV/Badges/_data/phrases.xml": "f3551e2790138c6c99eaf3e07d352a4f161557f8a65561db9c1bd3fe30d5c67f",
    "src/addons/CMTV/Badges/_data/routes.xml": "37680fbd1477a038863e89d0cdff9318c5adea0a1c8b27c9d1275282fbdc04a0",
    "src/addons/CMTV/Badges/_data/style_properties.xml": "6cd212b3f59353bf705c7d86e9c39753ef2d5955992d3da3051b6df0a86a7213",
    "src/addons/CMTV/Badges/_data/style_property_groups.xml": "b3a9aa9d0b602b90917d76d1897fadec2076c0127b8d94703cd9a1dd85c985e1",
    "src/addons/CMTV/Badges/_data/templates.xml": "7f5f7d8c22613fc013ec75ec20aa39c2709031f72cf27d3c984a891037974673",
    "src/addons/CMTV/Badges/_data/template_modifications.xml": "a299e76dbc8a9603c8b93edbba45330dc693b2084ee57512f458ba278bffb8b1",
    "src/addons/CMTV/Badges/_data/widget_definitions.xml": "37e46965256430f24004c2e7f08ba08f9b0d1cbcc4d70e84b3f4e3ffb713e64b",
    "src/addons/CMTV/Badges/_data/widget_positions.xml": "a29cee66134f6bc5d75ed9df1eef21096c24401915c5b5c774389c3d7bb2d5b3"
}