{
    "legacy_addon_id": "",
    "title": "Badges",
    "description": "Create fancy-looking badges and award users for valuable and unique actions!",
    "version_id": 1000670,
    "version_string": "1.0.6",
    "dev": "CMTV",
    "dev_url": "https://xenforo.com/community/members/cmtv.162075/",
    "faq_url": "",
    "support_url": "",
    "extra_urls": {
        "My addons & tutorials": "https://xenforo.com/community/resources/authors/cmtv.162075/"
    },
    "require": {
        "XF": [
            2010070,
            "XenForo 2.1"
        ],
        "php": [
            "7.0.0",
            "PHP 7+"
        ]
    },
    "icon": "fa-medal"
}